src_label,dst_label,support_cases,obs_count,mean_score,max_score,src_type,dst_type
location_public_space,murder,55,4031,0.6551669560903002,0.92,narrative,legal_facts
location_public_space,location_public_space,37,956,0.37989330543933053,0.46,narrative,narrative
weapon_sharp,murder,36,5285,0.596717880794702,0.92,narrative,legal_facts
planning_premeditation,murder,34,4176,0.6008091475095785,1.0,narrative,legal_facts
planning_premeditation,location_public_space,31,868,0.3597546082949309,0.57,narrative,narrative
location_public_space,planning_premeditation,31,868,0.357823732718894,0.57,narrative,narrative
assault_method_stabbing,murder,29,1755,0.668105982905983,0.92,narrative,legal_facts
confession_or_admission,murder,28,1165,0.5622695278969957,0.82,evidence,legal_facts
location_public_space,confession_or_admission,27,279,0.6358673835125448,0.76,narrative,evidence
confession_or_admission,location_public_space,27,279,0.41593548387096774,0.49,evidence,narrative
assault_method_stabbing,location_public_space,27,477,0.3766205450733753,0.63,narrative,narrative
location_public_space,assault_method_stabbing,27,477,0.3764109014675052,0.63,narrative,narrative
weapon_present,murder,25,1620,0.6274611111111111,0.92,narrative,legal_facts
location_public_space,actus_reus_killing,24,328,0.6076798780487804,0.783,narrative,legal_facts
weapon_present,location_public_space,24,339,0.3672890855457227,0.57,narrative,narrative
location_public_space,weapon_present,24,339,0.3659705014749262,0.57,narrative,narrative
assault_method_stabbing,weapon_sharp,24,939,0.35330244941427047,0.63,narrative,narrative
weapon_sharp,assault_method_stabbing,24,939,0.35303727369542065,0.63,narrative,narrative
joint_enterprise_presence,murder,22,752,0.6230039893617022,0.92,narrative,legal_facts
assault_method_stabbing,assault_method_stabbing,21,390,0.3683179487179487,0.46,narrative,narrative
joint_enterprise_presence,location_public_space,20,140,0.36555714285714286,0.46,narrative,narrative
location_public_space,joint_enterprise_presence,20,140,0.36512857142857147,0.46,narrative,narrative
planning_premeditation,assault_method_stabbing,20,433,0.3615150115473441,0.44,narrative,narrative
assault_method_stabbing,planning_premeditation,20,433,0.36123325635103926,0.46,narrative,narrative
weapon_sharp,actus_reus_killing,18,370,0.5743297297297297,0.92,narrative,legal_facts
planning_premeditation,actus_reus_killing,18,303,0.5641782178217821,0.92,narrative,legal_facts
weapon_firearm,murder,17,3995,0.6320801001251564,0.92,narrative,legal_facts
location_public_space,mens_rea_intent_to_kill,16,155,0.5563612903225806,0.77,narrative,legal_facts
weapon_present,assault_method_stabbing,16,194,0.3586546391752577,0.495,narrative,narrative
assault_method_stabbing,weapon_present,16,194,0.35742268041237113,0.46,narrative,narrative
joint_enterprise_presence,confession_or_admission,15,46,0.6437826086956522,0.76,narrative,evidence
planning_premeditation,confession_or_admission,15,122,0.5899754098360656,0.745,narrative,evidence
confession_or_admission,joint_enterprise_presence,15,46,0.420695652173913,0.49,evidence,narrative
confession_or_admission,planning_premeditation,15,122,0.38620491803278684,0.483,evidence,narrative
weapon_firearm,location_public_space,15,1158,0.37923229706390327,0.57,narrative,narrative
location_public_space,weapon_firearm,15,1158,0.3789015544041451,0.57,narrative,narrative
weapon_sharp,confession_or_admission,14,244,0.6089016393442623,0.87,narrative,evidence
confession_or_admission,weapon_sharp,14,244,0.3986967213114754,0.62,evidence,narrative
encounter,murder,13,393,0.6863689567430026,0.92,narrative,legal_facts
assault_method_stabbing,confession_or_admission,13,104,0.6624230769230769,0.87,narrative,evidence
weapon_firearm,confession_or_admission,13,315,0.6258825396825397,0.87,narrative,evidence
confession_or_admission,actus_reus_killing,13,109,0.5066146788990826,0.82,evidence,legal_facts
planning_premeditation,mens_rea_intent_to_kill,13,227,0.488511013215859,0.92,narrative,legal_facts
confession_or_admission,assault_method_stabbing,13,104,0.4338076923076923,0.62,evidence,narrative
confession_or_admission,weapon_firearm,13,315,0.40997460317460316,0.62,evidence,narrative
confession_or_admission,confession_or_admission,13,144,0.3706111111111111,0.42,evidence,evidence
weapon_firearm,weapon_firearm,13,3354,0.3611612999403697,0.495,narrative,narrative
assault_method_shooting,murder,12,2730,0.6372567765567766,0.92,narrative,legal_facts
assault_method_blunt_force,murder,12,399,0.6355664160401002,0.79,narrative,legal_facts
weapon_present,actus_reus_killing,12,202,0.6167425742574257,0.92,narrative,legal_facts
joint_enterprise_presence,actus_reus_killing,12,98,0.604204081632653,0.92,narrative,legal_facts
encounter,location_public_space,12,119,0.3812268907563025,0.57,narrative,narrative
location_public_space,encounter,12,119,0.38015126050420167,0.57,narrative,narrative
planning_premeditation,joint_enterprise_presence,12,97,0.35895876288659795,0.57,narrative,narrative
joint_enterprise_presence,planning_premeditation,12,97,0.3579381443298969,0.57,narrative,narrative
motive_jealousy_revenge,murder,11,313,0.704520766773163,0.92,narrative,legal_facts
assault_method_stabbing,actus_reus_killing,11,90,0.6246666666666667,0.92,narrative,legal_facts
weapon_present,confession_or_admission,11,60,0.6099,0.87,narrative,evidence
confession_or_admission,weapon_present,11,60,0.3997,0.62,evidence,narrative
assault_method_shooting,location_public_space,11,664,0.38992168674698796,0.57,narrative,narrative
location_public_space,assault_method_shooting,11,664,0.3894156626506024,0.57,narrative,narrative
weapon_present,weapon_firearm,11,429,0.3778228438228438,0.57,narrative,narrative
weapon_firearm,weapon_present,11,429,0.3771375291375291,0.57,narrative,narrative
weapon_present,weapon_present,11,352,0.36217045454545455,0.495,narrative,narrative
location_public_space,self_defence_legal,10,209,0.6736985645933015,0.77,narrative,legal_facts
location_public_space,unlawful_killing,10,116,0.6494827586206897,0.98,narrative,legal_facts
assault_method_shooting,confession_or_admission,10,155,0.610516129032258,0.87,narrative,evidence
weapon_firearm,actus_reus_killing,10,467,0.5964539614561027,0.92,narrative,legal_facts
location_public_space,accessory_or_complicity,10,511,0.5450293542074364,0.92,narrative,legal_facts
weapon_sharp,accessory_or_complicity,10,1083,0.5283407202216066,0.92,narrative,legal_facts
weapon_sharp,mens_rea_intent_to_kill,10,183,0.46299453551912567,0.77,narrative,legal_facts
confession_or_admission,mens_rea_intent_to_kill,10,28,0.4262142857142857,0.67,evidence,legal_facts
motive_jealousy_revenge,planning_premeditation,10,63,0.4141587301587301,0.57,narrative,narrative
planning_premeditation,motive_jealousy_revenge,10,63,0.41358730158730156,0.57,narrative,narrative
confession_or_admission,assault_method_shooting,10,155,0.39972258064516125,0.62,evidence,narrative
assault_method_stabbing,joint_enterprise_presence,10,47,0.3682978723404255,0.46,narrative,narrative
joint_enterprise_presence,assault_method_stabbing,10,47,0.3680425531914893,0.44,narrative,narrative
planning_premeditation,encounter,10,181,0.36729834254143645,0.57,narrative,narrative
encounter,planning_premeditation,10,181,0.3664806629834254,0.57,narrative,narrative
assault_method_blunt_force,location_public_space,10,57,0.356140350877193,0.42,narrative,narrative
location_public_space,assault_method_blunt_force,10,57,0.356140350877193,0.42,narrative,narrative
assault_method_blunt_force,actus_reus_killing,9,45,0.6442222222222221,0.77,narrative,legal_facts
defendant_intoxicated,murder,9,136,0.6379705882352941,0.79,narrative,legal_facts
motive_financial_gain,murder,9,648,0.6203024691358024,1.0,narrative,legal_facts
weapon_present,mens_rea_intent_to_kill,9,82,0.5759268292682926,0.77,narrative,legal_facts
motive_jealousy_revenge,location_public_space,9,79,0.4196202531645569,0.57,narrative,narrative
location_public_space,motive_jealousy_revenge,9,79,0.41708860759493666,0.57,narrative,narrative
weapon_firearm,assault_method_shooting,9,2101,0.3668833888624465,0.57,narrative,narrative
assault_method_shooting,weapon_firearm,9,2101,0.36669252736792,0.57,narrative,narrative
motive_financial_gain,location_public_space,9,103,0.3560388349514563,0.495,narrative,narrative
location_public_space,motive_financial_gain,9,103,0.3546019417475728,0.458,narrative,narrative
encounter,confession_or_admission,8,18,0.6480555555555555,0.72,narrative,evidence
weapon_sharp,wound_sharp_force,8,107,0.6416355140186916,0.87,narrative,evidence
assault_method_stabbing,accessory_or_complicity,8,166,0.6298614457831325,0.79,narrative,legal_facts
wound_sharp_force,murder,8,167,0.6059880239520958,0.67,evidence,legal_facts
motive_financial_gain,actus_reus_killing,8,65,0.5992923076923077,0.92,narrative,legal_facts
assault_method_shooting,actus_reus_killing,8,417,0.5751127098321343,0.92,narrative,legal_facts
confession_or_admission,unlawful_killing,8,27,0.5567037037037037,0.69,evidence,legal_facts
confession_or_admission,accessory_or_complicity,8,150,0.5456133333333333,0.67,evidence,legal_facts
weapon_firearm,mens_rea_intent_to_kill,8,207,0.5361835748792271,0.77,narrative,legal_facts
joint_enterprise_presence,mens_rea_intent_to_kill,8,29,0.5112413793103449,0.77,narrative,legal_facts
assault_method_stabbing,mens_rea_intent_to_kill,8,54,0.48522222222222217,0.77,narrative,legal_facts
confession_or_admission,encounter,8,18,0.42377777777777775,0.47,evidence,narrative
wound_sharp_force,weapon_sharp,8,107,0.42011214953271026,0.62,evidence,narrative
defendant_intoxicated,location_public_space,8,25,0.41359999999999997,0.42,narrative,narrative
location_public_space,defendant_intoxicated,8,25,0.41359999999999997,0.42,narrative,narrative
assault_method_stabbing,motive_jealousy_revenge,8,45,0.4002222222222222,0.57,narrative,narrative
motive_jealousy_revenge,assault_method_stabbing,8,45,0.4002222222222222,0.57,narrative,narrative
weapon_sharp,motive_jealousy_revenge,8,89,0.38359550561797756,0.46,narrative,narrative
motive_jealousy_revenge,weapon_sharp,8,89,0.3833707865168539,0.44,narrative,narrative
encounter,assault_method_stabbing,8,66,0.379530303030303,0.495,narrative,narrative
assault_method_stabbing,encounter,8,66,0.3781515151515151,0.458,narrative,narrative
assault_method_shooting,assault_method_shooting,8,1550,0.35839290322580647,0.46,narrative,narrative
location_public_space,wound_sharp_force,7,37,0.7012162162162162,0.76,narrative,evidence
assault_method_blunt_force,confession_or_admission,7,27,0.6985925925925925,0.87,narrative,evidence
assault_method_stabbing,wound_sharp_force,7,37,0.697027027027027,0.87,narrative,evidence
assault_method_stabbing,unlawful_killing,7,57,0.6729649122807018,0.98,narrative,legal_facts
planning_premeditation,unlawful_killing,7,61,0.6308032786885246,0.79,narrative,legal_facts
joint_enterprise_presence,accessory_or_complicity,7,218,0.5702798165137615,0.92,narrative,legal_facts
weapon_sharp,self_defence_legal,7,312,0.5671858974358974,0.77,narrative,legal_facts
confession_or_admission,assault_method_blunt_force,7,27,0.4582222222222222,0.62,evidence,narrative
wound_sharp_force,assault_method_stabbing,7,37,0.45799999999999996,0.62,evidence,narrative
wound_sharp_force,location_public_space,7,37,0.45778378378378376,0.49,evidence,narrative
assault_method_blunt_force,assault_method_blunt_force,7,14,0.4057142857142857,0.42,narrative,narrative
weapon_present,encounter,7,45,0.3907111111111111,0.57,narrative,narrative
encounter,weapon_present,7,45,0.38988888888888884,0.57,narrative,narrative
weapon_present,assault_method_shooting,7,333,0.3603063063063063,0.57,narrative,narrative
assault_method_shooting,weapon_present,7,333,0.36019519519519516,0.57,narrative,narrative
joint_enterprise_presence,joint_enterprise_presence,7,28,0.35957142857142854,0.46,narrative,narrative
motive_financial_gain,weapon_sharp,7,180,0.35673333333333335,0.42,narrative,narrative
weapon_sharp,motive_financial_gain,7,180,0.35673333333333335,0.42,narrative,narrative
motive_financial_gain,motive_financial_gain,7,110,0.3500727272727273,0.495,narrative,narrative
motive_jealousy_revenge,confession_or_admission,6,28,0.6828571428571429,0.76,narrative,evidence
defendant_intoxicated,confession_or_admission,6,15,0.6639999999999999,0.72,narrative,evidence
location_public_space,diminished_responsibility,6,202,0.6534356435643565,0.77,narrative,legal_facts
weapon_present,self_defence_legal,6,268,0.6368208955223881,0.845,narrative,legal_facts
location_public_space,causation,6,219,0.6331415525114155,0.92,narrative,legal_facts
planning_premeditation,diminished_responsibility,6,320,0.62885,0.92,narrative,legal_facts
planning_premeditation,self_defence_legal,6,109,0.6273853211009175,0.92,narrative,legal_facts
location_private_dwelling,murder,6,64,0.6205625,0.79,narrative,legal_facts
assault_method_stabbing,self_defence_legal,6,92,0.5905434782608695,0.77,narrative,legal_facts
joint_enterprise_presence,unlawful_killing,6,32,0.5778125,0.79,narrative,legal_facts
weapon_sharp,unlawful_killing,6,202,0.5767029702970297,0.98,narrative,legal_facts
motive_financial_gain,mens_rea_intent_to_kill,6,41,0.49819512195121946,0.77,narrative,legal_facts
assault_method_blunt_force,mens_rea_intent_to_kill,6,29,0.4873793103448276,0.77,narrative,legal_facts
weapon_firearm,accessory_or_complicity,6,124,0.46663709677419357,0.79,narrative,legal_facts
confession_or_admission,motive_jealousy_revenge,6,28,0.4442857142857143,0.49,evidence,narrative
confession_or_admission,defendant_intoxicated,6,15,0.434,0.47,evidence,narrative
planning_premeditation,accessory_or_complicity,6,206,0.4260873786407767,0.79,narrative,legal_facts
encounter,encounter,6,52,0.4040769230769231,0.495,narrative,narrative
abduction,murder,5,260,0.7120384615384615,0.92,narrative,legal_facts
strangulation,unlawful_killing,5,21,0.7004285714285714,0.92,narrative,legal_facts
alibi_claim,murder,5,144,0.6880972222222222,0.92,narrative,legal_facts
weapon_present,wound_sharp_force,5,19,0.6668421052631579,0.795,narrative,evidence
strangulation,murder,5,502,0.6588147410358566,0.92,narrative,legal_facts
weapon_firearm,unlawful_killing,5,166,0.6256325301204819,0.79,narrative,legal_facts
encounter,actus_reus_killing,5,27,0.6217037037037038,0.845,narrative,legal_facts
victim_intoxicated,murder,5,83,0.6184337349397591,0.77,narrative,legal_facts
abduction,actus_reus_killing,5,31,0.6176774193548387,0.77,narrative,legal_facts
weapon_firearm,causation,5,821,0.6081181485992692,0.845,narrative,legal_facts
assault_method_blunt_force,unlawful_killing,5,19,0.5905263157894737,0.77,narrative,legal_facts
weapon_present,unlawful_killing,5,73,0.5816438356164384,0.79,narrative,legal_facts
assault_method_shooting,causation,5,827,0.5663966142684401,0.77,narrative,legal_facts
wound_sharp_force,actus_reus_killing,5,8,0.532,0.67,evidence,legal_facts
weapon_present,accessory_or_complicity,5,396,0.5213030303030303,0.92,narrative,legal_facts
confession_or_admission,self_defence_legal,5,36,0.5076111111111111,0.82,evidence,legal_facts
defendant_intoxicated,victim_intoxicated,5,8,0.44449999999999995,0.57,narrative,narrative
victim_intoxicated,defendant_intoxicated,5,8,0.44449999999999995,0.57,narrative,narrative
wound_sharp_force,weapon_present,5,19,0.43536842105263157,0.508,evidence,narrative
confession_or_admission,causation,5,37,0.4215135135135135,0.67,evidence,legal_facts
abduction,location_public_space,5,43,0.4174418604651163,0.57,narrative,narrative
location_public_space,abduction,5,43,0.4174418604651163,0.57,narrative,narrative
motive_jealousy_revenge,motive_jealousy_revenge,5,28,0.41285714285714287,0.46,narrative,narrative
motive_jealousy_revenge,weapon_firearm,5,42,0.41047619047619044,0.46,narrative,narrative
weapon_firearm,motive_jealousy_revenge,5,42,0.4033333333333334,0.44,narrative,narrative
confession_or_admission,wound_sharp_force,5,11,0.3963636363636363,0.42,evidence,evidence
wound_sharp_force,confession_or_admission,5,11,0.3963636363636363,0.42,evidence,evidence
motive_jealousy_revenge,joint_enterprise_presence,5,7,0.39571428571428574,0.63,narrative,narrative
weapon_present,motive_jealousy_revenge,5,15,0.39499999999999996,0.63,narrative,narrative
motive_jealousy_revenge,weapon_present,5,15,0.3938666666666667,0.63,narrative,narrative
joint_enterprise_presence,motive_jealousy_revenge,5,7,0.39285714285714285,0.63,narrative,narrative
assault_method_blunt_force,assault_method_stabbing,5,27,0.38740740740740737,0.42,narrative,narrative
assault_method_stabbing,assault_method_blunt_force,5,27,0.38740740740740737,0.42,narrative,narrative
assault_method_blunt_force,joint_enterprise_presence,5,17,0.3776470588235294,0.42,narrative,narrative
joint_enterprise_presence,assault_method_blunt_force,5,17,0.3776470588235294,0.42,narrative,narrative
alibi_claim,location_public_space,5,35,0.3675428571428571,0.42,narrative,narrative
location_public_space,alibi_claim,5,35,0.3675428571428571,0.42,narrative,narrative
motive_financial_gain,assault_method_stabbing,5,63,0.3645238095238095,0.495,narrative,narrative
assault_method_stabbing,motive_financial_gain,5,63,0.36276190476190473,0.458,narrative,narrative
weapon_sharp,defendant_intoxicated,5,21,0.3566190476190476,0.42,narrative,narrative
defendant_intoxicated,weapon_sharp,5,21,0.35604761904761906,0.42,narrative,narrative
location_private_dwelling,location_public_space,5,17,0.3541176470588235,0.42,narrative,narrative
location_public_space,location_private_dwelling,5,17,0.3541176470588235,0.42,narrative,narrative
abduction,confession_or_admission,4,20,0.692,0.72,narrative,evidence
weapon_petrol_fire,murder,4,187,0.6747967914438503,0.92,narrative,legal_facts
defendant_intoxicated,actus_reus_killing,4,16,0.6658125,0.783,narrative,legal_facts
assault_method_stabbing,causation,4,14,0.6656428571428571,0.77,narrative,legal_facts
weapon_firearm,wound_sharp_force,4,23,0.655,0.87,narrative,evidence
abduction,mens_rea_intent_to_kill,4,12,0.6388333333333334,0.77,narrative,legal_facts
planning_premeditation,wound_sharp_force,4,42,0.63,0.72,narrative,evidence
alibi_claim,confession_or_admission,4,31,0.6197419354838709,0.72,narrative,evidence
encounter,mens_rea_intent_to_kill,4,12,0.614,0.77,narrative,legal_facts
assault_method_shooting,unlawful_killing,4,123,0.6137398373983739,0.79,narrative,legal_facts
weapon_blunt,murder,4,106,0.6113396226415095,0.81,narrative,legal_facts
motive_jealousy_revenge,actus_reus_killing,4,10,0.6103,0.92,narrative,legal_facts
encounter,accessory_or_complicity,4,21,0.6013809523809523,0.79,narrative,legal_facts
assault_method_blunt_force,accessory_or_complicity,4,114,0.6002982456140351,0.77,narrative,legal_facts
joint_enterprise_presence,diminished_responsibility,4,100,0.5969599999999999,0.92,narrative,legal_facts
strangulation,actus_reus_killing,4,69,0.5876376811594203,0.783,narrative,legal_facts
defendant_intoxicated,unlawful_killing,4,6,0.5788333333333333,0.77,narrative,legal_facts
flight_after_offence,murder,4,154,0.576512987012987,0.92,narrative,legal_facts
location_private_dwelling,confession_or_admission,4,7,0.5519999999999999,0.72,narrative,evidence
confession_or_admission,abduction,4,20,0.45199999999999996,0.47,evidence,narrative
defendant_intoxicated,joint_enterprise_presence,4,5,0.45,0.57,narrative,narrative
joint_enterprise_presence,defendant_intoxicated,4,5,0.45,0.57,narrative,narrative
wound_sharp_force,weapon_firearm,4,23,0.4306086956521739,0.62,evidence,narrative
alibi_claim,planning_premeditation,4,24,0.42249999999999993,0.57,narrative,narrative
planning_premeditation,alibi_claim,4,24,0.42249999999999993,0.57,narrative,narrative
wound_sharp_force,planning_premeditation,4,42,0.4121904761904761,0.47,evidence,narrative
location_public_space,strangulation,4,70,0.40857142857142853,0.42,narrative,narrative
location_public_space,victim_intoxicated,4,14,0.40857142857142853,0.42,narrative,narrative
strangulation,location_public_space,4,70,0.40857142857142853,0.42,narrative,narrative
victim_intoxicated,location_public_space,4,14,0.40857142857142853,0.42,narrative,narrative
confession_or_admission,alibi_claim,4,31,0.40561290322580645,0.47,evidence,narrative
abduction,weapon_firearm,4,68,0.40441176470588236,0.57,narrative,narrative
weapon_firearm,abduction,4,68,0.40441176470588236,0.57,narrative,narrative
encounter,location_private_dwelling,4,7,0.39714285714285713,0.42,narrative,narrative
location_private_dwelling,encounter,4,7,0.39714285714285713,0.42,narrative,narrative
strangulation,strangulation,4,120,0.39166666666666666,0.42,narrative,narrative
location_public_space,weapon_petrol_fire,4,36,0.3903888888888889,0.57,narrative,narrative
weapon_petrol_fire,location_public_space,4,36,0.3903888888888889,0.57,narrative,narrative
location_private_dwelling,weapon_sharp,4,18,0.3844444444444444,0.42,narrative,narrative
weapon_sharp,location_private_dwelling,4,18,0.3844444444444444,0.42,narrative,narrative
assault_method_shooting,encounter,4,26,0.3661153846153846,0.42,narrative,narrative
encounter,assault_method_shooting,4,26,0.36469230769230765,0.42,narrative,narrative
confession_or_admission,location_private_dwelling,4,7,0.362,0.47,evidence,narrative
abduction,planning_premeditation,4,46,0.3610869565217391,0.57,narrative,narrative
planning_premeditation,abduction,4,46,0.3610869565217391,0.57,narrative,narrative
assault_method_stabbing,location_private_dwelling,4,19,0.3591578947368421,0.42,narrative,narrative
location_private_dwelling,assault_method_stabbing,4,19,0.3591578947368421,0.42,narrative,narrative
weapon_blunt,location_public_space,4,32,0.354375,0.46,narrative,narrative
location_public_space,weapon_blunt,4,32,0.351875,0.44,narrative,narrative
encounter,self_defence_legal,3,12,0.77,0.77,narrative,legal_facts
alibi_claim,mens_rea_intent_to_kill,3,6,0.7200000000000001,0.92,narrative,legal_facts
planning_premeditation,causation,3,12,0.7200000000000001,0.77,narrative,legal_facts
abduction,wound_sharp_force,3,6,0.7200000000000001,0.72,narrative,evidence
motive_jealousy_revenge,accessory_or_complicity,3,7,0.7032857142857143,0.79,narrative,legal_facts
prior_threats,murder,3,50,0.68978,0.92,narrative,legal_facts
encounter,diminished_responsibility,3,78,0.6786923076923077,0.77,narrative,legal_facts
joint_enterprise_presence,wound_sharp_force,3,4,0.67625,0.72,narrative,evidence
victim_intoxicated,actus_reus_killing,3,14,0.6723571428571429,0.783,narrative,legal_facts
weapon_sharp,diminished_responsibility,3,104,0.6722692307692307,0.77,narrative,legal_facts
weapon_sharp,injury_defensive_wounds,3,23,0.663695652173913,0.72,narrative,evidence
weapon_present,diminished_responsibility,3,42,0.6610952380952381,0.77,narrative,legal_facts
weapon_firearm,self_defence_legal,3,548,0.6585985401459854,0.77,narrative,legal_facts
planning_premeditation,injury_defensive_wounds,3,8,0.64125,0.72,narrative,evidence
injury_defensive_wounds,murder,3,34,0.6404117647058823,0.67,evidence,legal_facts
weapon_petrol_fire,confession_or_admission,3,23,0.6274782608695653,0.72,narrative,evidence
strangulation,confession_or_admission,3,81,0.6190617283950617,0.72,narrative,evidence
assault_method_shooting,self_defence_legal,3,563,0.6148703374777975,0.92,narrative,legal_facts
assault_method_shooting,wound_sharp_force,3,8,0.611875,0.87,narrative,evidence
assault_method_blunt_force,lawful_killing_self_defence,3,8,0.606,0.77,narrative,legal_facts
weapon_present,causation,3,244,0.6010204918032787,0.77,narrative,legal_facts
weapon_sharp,causation,3,60,0.5520666666666667,0.77,narrative,legal_facts
assault_method_shooting,mens_rea_intent_to_kill,3,167,0.5462994011976048,0.77,narrative,legal_facts
joint_enterprise_presence,self_defence_legal,3,64,0.538390625,0.77,narrative,legal_facts
confession_or_admission,diminished_responsibility,3,54,0.5304444444444445,0.67,evidence,legal_facts
motive_jealousy_revenge,mens_rea_intent_to_kill,3,5,0.526,0.77,narrative,legal_facts
location_public_space,loss_of_control,3,41,0.49351219512195116,0.77,narrative,legal_facts
joint_enterprise_presence,causation,3,86,0.48622093023255814,0.77,narrative,legal_facts
joint_enterprise_presence,injury_defensive_wounds,3,3,0.47500000000000003,0.545,narrative,evidence
weapon_present,loss_of_control,3,61,0.47124590163934427,0.77,narrative,legal_facts
wound_sharp_force,abduction,3,6,0.47,0.47,evidence,narrative
joint_enterprise_presence,victim_intoxicated,3,4,0.45749999999999996,0.57,narrative,narrative
victim_intoxicated,joint_enterprise_presence,3,4,0.45749999999999996,0.57,narrative,narrative
weapon_present,weapon_blunt,3,9,0.44266666666666665,0.63,narrative,narrative
wound_sharp_force,joint_enterprise_presence,3,4,0.44199999999999995,0.47,evidence,narrative
weapon_blunt,weapon_present,3,9,0.4404444444444444,0.63,narrative,narrative
injury_defensive_wounds,weapon_sharp,3,23,0.43382608695652175,0.47,evidence,narrative
assault_method_blunt_force,assault_method_shooting,3,11,0.4336363636363636,0.57,narrative,narrative
assault_method_shooting,assault_method_blunt_force,3,11,0.4336363636363636,0.57,narrative,narrative
assault_method_stabbing,strangulation,3,18,0.4263888888888889,0.445,narrative,narrative
joint_enterprise_presence,weapon_blunt,3,9,0.426,0.63,narrative,narrative
weapon_blunt,mens_rea_intent_to_kill,3,7,0.42428571428571427,0.51,narrative,legal_facts
weapon_blunt,joint_enterprise_presence,3,9,0.4237777777777778,0.63,narrative,narrative
location_public_space,prior_threats,3,9,0.42,0.42,narrative,narrative
prior_threats,location_public_space,3,9,0.42,0.42,narrative,narrative
injury_defensive_wounds,planning_premeditation,3,8,0.4195,0.47,evidence,narrative
strangulation,assault_method_stabbing,3,18,0.41905555555555557,0.433,narrative,narrative
weapon_blunt,weapon_firearm,3,39,0.4113846153846154,0.46,narrative,narrative
confession_or_admission,weapon_petrol_fire,3,23,0.41052173913043477,0.47,evidence,narrative
planning_premeditation,weapon_petrol_fire,3,50,0.408,0.57,narrative,narrative
weapon_petrol_fire,planning_premeditation,3,50,0.408,0.57,narrative,narrative
wound_sharp_force,assault_method_shooting,3,8,0.40725,0.62,evidence,narrative
abduction,assault_method_stabbing,3,43,0.4069767441860465,0.42,narrative,narrative
assault_method_stabbing,abduction,3,43,0.4069767441860465,0.42,narrative,narrative
weapon_firearm,weapon_blunt,3,39,0.40574358974358976,0.44,narrative,narrative
confession_or_admission,strangulation,3,81,0.4051111111111111,0.47,evidence,narrative
weapon_present,abduction,3,33,0.4016666666666666,0.495,narrative,narrative
abduction,weapon_present,3,33,0.40054545454545454,0.458,narrative,narrative
weapon_present,alibi_claim,3,5,0.396,0.46,narrative,narrative
alibi_claim,weapon_present,3,5,0.392,0.44,narrative,narrative
planning_premeditation,strangulation,3,37,0.38837837837837835,0.57,narrative,narrative
strangulation,planning_premeditation,3,37,0.38837837837837835,0.57,narrative,narrative
motive_jealousy_revenge,alibi_claim,3,12,0.385,0.46,narrative,narrative
defendant_intoxicated,strangulation,3,14,0.3814285714285714,0.42,narrative,narrative
strangulation,defendant_intoxicated,3,14,0.3814285714285714,0.42,narrative,narrative
alibi_claim,motive_jealousy_revenge,3,12,0.37833333333333335,0.44,narrative,narrative
abduction,weapon_sharp,3,91,0.37714285714285717,0.42,narrative,narrative
weapon_sharp,abduction,3,91,0.37714285714285717,0.42,narrative,narrative
joint_enterprise_presence,motive_financial_gain,3,21,0.3742857142857143,0.42,narrative,narrative
motive_financial_gain,joint_enterprise_presence,3,21,0.3742857142857143,0.42,narrative,narrative
assault_method_blunt_force,weapon_firearm,3,29,0.36965517241379314,0.42,narrative,narrative
weapon_firearm,assault_method_blunt_force,3,29,0.36965517241379314,0.42,narrative,narrative
assault_method_blunt_force,weapon_present,3,22,0.36727272727272725,0.42,narrative,narrative
weapon_present,assault_method_blunt_force,3,22,0.36727272727272725,0.42,narrative,narrative
motive_financial_gain,weapon_firearm,3,40,0.3608,0.495,narrative,narrative
alibi_claim,assault_method_stabbing,3,24,0.359375,0.42,narrative,narrative
assault_method_stabbing,alibi_claim,3,24,0.359375,0.42,narrative,narrative
weapon_firearm,motive_financial_gain,3,40,0.35895,0.458,narrative,narrative
murder,injury_defensive_wounds,3,34,0.35408823529411765,0.37,legal_facts,evidence
assault_method_blunt_force,causation,2,4,0.77,0.77,narrative,legal_facts
abduction,accessory_or_complicity,2,13,0.746923076923077,0.77,narrative,legal_facts
motive_jealousy_revenge,unlawful_killing,2,6,0.7233333333333333,0.79,narrative,legal_facts
motive_jealousy_revenge,wound_sharp_force,2,2,0.72,0.72,narrative,evidence
prior_assault,mens_rea_intent_to_kill,2,5,0.71,0.77,narrative,legal_facts
assault_method_stabbing,injury_defensive_wounds,2,10,0.7024999999999999,0.72,narrative,evidence
prior_threats,self_defence_legal,2,22,0.6984545454545454,0.77,narrative,legal_facts
prior_assault,murder,2,33,0.6962424242424242,0.79,narrative,legal_facts
abduction,self_defence_legal,2,39,0.6892820512820513,0.77,narrative,legal_facts
abduction,unlawful_killing,2,7,0.6842857142857143,0.77,narrative,legal_facts
weapon_blunt,confession_or_admission,2,11,0.6799999999999999,0.76,narrative,evidence
assault_method_stabbing,diminished_responsibility,2,72,0.6773611111111112,0.77,narrative,legal_facts
prior_conflict,murder,2,207,0.6751400966183574,0.92,narrative,legal_facts
location_public_space,injury_defensive_wounds,2,6,0.6733333333333333,0.72,narrative,evidence
wound_sharp_force,self_defence_legal,2,7,0.67,0.67,evidence,legal_facts
prior_conflict,actus_reus_killing,2,19,0.6515789473684211,0.92,narrative,legal_facts
assault_method_shooting,lawful_killing_self_defence,2,5,0.65,0.77,narrative,legal_facts
flight_after_offence,actus_reus_killing,2,5,0.65,0.77,narrative,legal_facts
victim_intoxicated,confession_or_admission,2,8,0.65,0.72,narrative,evidence
defendant_intoxicated,self_defence_legal,2,10,0.6426000000000001,0.92,narrative,legal_facts
prior_threats,actus_reus_killing,2,11,0.6336363636363637,0.77,narrative,legal_facts
weapon_petrol_fire,actus_reus_killing,2,17,0.6288235294117647,0.77,narrative,legal_facts
encounter,wound_sharp_force,2,3,0.6266666666666666,0.72,narrative,evidence
assault_method_blunt_force,self_defence_legal,2,4,0.62,0.77,narrative,legal_facts
weapon_petrol_fire,mens_rea_intent_to_kill,2,4,0.62,0.77,narrative,legal_facts
defendant_intoxicated,accessory_or_complicity,2,9,0.6158888888888889,0.77,narrative,legal_facts
assault_method_blunt_force,diminished_responsibility,2,88,0.6100681818181818,0.77,narrative,legal_facts
prior_assault,confession_or_admission,2,5,0.608,0.72,narrative,evidence
confession_or_admission,lawful_killing_self_defence,2,4,0.605,0.67,evidence,legal_facts
wound_sharp_force,accessory_or_complicity,2,4,0.605,0.67,evidence,legal_facts
location_public_space,lawful_killing_self_defence,2,10,0.602,0.77,narrative,legal_facts
location_private_dwelling,accessory_or_complicity,2,5,0.5982000000000001,0.79,narrative,legal_facts
injury_defensive_wounds,actus_reus_killing,2,2,0.589,0.67,evidence,legal_facts
assault_method_shooting,accessory_or_complicity,2,81,0.587358024691358,0.77,narrative,legal_facts
planning_premeditation,lawful_killing_self_defence,2,10,0.584,0.77,narrative,legal_facts
defendant_intoxicated,wound_sharp_force,2,2,0.58,0.72,narrative,evidence
confession_or_admission,loss_of_control,2,6,0.5619999999999999,0.67,evidence,legal_facts
strangulation,mens_rea_intent_to_kill,2,10,0.5564,0.77,narrative,legal_facts
strangulation,diminished_responsibility,2,16,0.555625,0.77,narrative,legal_facts
location_public_space,manslaughter_unlawful_act,2,11,0.5525454545454545,0.77,narrative,legal_facts
motive_financial_gain,self_defence_legal,2,76,0.5456578947368421,0.77,narrative,legal_facts
prior_conflict,mens_rea_intent_to_kill,2,19,0.5333684210526316,0.77,narrative,legal_facts
defendant_intoxicated,lawful_killing_self_defence,2,2,0.53,0.77,narrative,legal_facts
location_private_dwelling,actus_reus_killing,2,2,0.53,0.77,narrative,legal_facts
planning_premeditation,loss_of_control,2,33,0.5154545454545455,0.77,narrative,legal_facts
motive_financial_gain,unlawful_killing,2,3,0.5076666666666666,0.583,narrative,legal_facts
location_private_dwelling,mens_rea_intent_to_kill,2,8,0.5,0.77,narrative,legal_facts
planning_premeditation,manslaughter_unlawful_act,2,24,0.49533333333333335,0.77,narrative,legal_facts
weapon_sharp,loss_of_control,2,234,0.4827350427350427,0.77,narrative,legal_facts
encounter,unlawful_killing,2,6,0.48100000000000004,0.583,narrative,legal_facts
wound_sharp_force,motive_jealousy_revenge,2,2,0.47,0.47,evidence,narrative
wound_sharp_force,mens_rea_intent_to_kill,2,4,0.45899999999999996,0.508,evidence,legal_facts
injury_defensive_wounds,assault_method_stabbing,2,10,0.4588,0.47,evidence,narrative
weapon_present,manslaughter_unlawful_act,2,14,0.45185714285714285,0.545,narrative,legal_facts
victim_intoxicated,unlawful_killing,2,3,0.45,0.77,narrative,legal_facts
flight_after_offence,accessory_or_complicity,2,33,0.4461212121212121,0.77,narrative,legal_facts
flight_after_offence,confession_or_admission,2,9,0.4454444444444445,0.72,narrative,evidence
confession_or_admission,weapon_blunt,2,11,0.44272727272727275,0.49,evidence,narrative
injury_defensive_wounds,location_public_space,2,6,0.43999999999999995,0.47,evidence,narrative
assault_method_stabbing,loss_of_control,2,42,0.43833333333333335,0.77,narrative,legal_facts
motive_jealousy_revenge,prior_assault,2,3,0.43333333333333335,0.46,narrative,narrative
motive_jealousy_revenge,assault_method_shooting,2,23,0.43260869565217386,0.63,narrative,narrative
assault_method_shooting,motive_jealousy_revenge,2,23,0.43000000000000005,0.63,narrative,narrative
joint_enterprise_presence,prior_assault,2,4,0.43,0.46,narrative,narrative
prior_assault,motive_jealousy_revenge,2,3,0.4266666666666667,0.44,narrative,narrative
confession_or_admission,victim_intoxicated,2,8,0.425,0.47,evidence,narrative
prior_assault,joint_enterprise_presence,2,4,0.425,0.44,narrative,narrative
planning_premeditation,prior_assault,2,5,0.42000000000000004,0.42,narrative,narrative
prior_assault,planning_premeditation,2,5,0.42000000000000004,0.42,narrative,narrative
abduction,abduction,2,14,0.42,0.42,narrative,narrative
flight_after_offence,prior_threats,2,2,0.42,0.42,narrative,narrative
joint_enterprise_presence,weapon_petrol_fire,2,3,0.42,0.42,narrative,narrative
location_public_space,prior_assault,2,16,0.42,0.42,narrative,narrative
location_public_space,prior_conflict,2,35,0.42,0.42,narrative,narrative
prior_assault,location_public_space,2,16,0.42,0.42,narrative,narrative
prior_conflict,location_public_space,2,35,0.42,0.42,narrative,narrative
prior_conflict,prior_conflict,2,18,0.42,0.42,narrative,narrative
prior_threats,flight_after_offence,2,2,0.42,0.42,narrative,narrative
weapon_petrol_fire,joint_enterprise_presence,2,3,0.42,0.42,narrative,narrative
prior_assault,weapon_firearm,2,13,0.41230769230769226,0.42,narrative,narrative
weapon_firearm,prior_assault,2,13,0.41230769230769226,0.42,narrative,narrative
wound_sharp_force,encounter,2,3,0.41,0.47,evidence,narrative
joint_enterprise_presence,strangulation,2,13,0.4076923076923077,0.42,narrative,narrative
strangulation,joint_enterprise_presence,2,13,0.4076923076923077,0.42,narrative,narrative
prior_threats,weapon_present,2,10,0.404,0.42,narrative,narrative
weapon_present,prior_threats,2,10,0.404,0.42,narrative,narrative
weapon_petrol_fire,weapon_sharp,2,15,0.4026666666666667,0.42,narrative,narrative
weapon_sharp,weapon_petrol_fire,2,15,0.4026666666666667,0.42,narrative,narrative
confession_or_admission,prior_assault,2,5,0.39799999999999996,0.47,evidence,narrative
strangulation,weapon_sharp,2,23,0.3947826086956522,0.42,narrative,narrative
weapon_sharp,strangulation,2,23,0.3947826086956522,0.42,narrative,narrative
weapon_sharp,manslaughter_unlawful_act,2,20,0.3902,0.47,narrative,legal_facts
weapon_blunt,planning_premeditation,2,26,0.39,0.46,narrative,narrative
alibi_claim,weapon_firearm,2,23,0.3878260869565217,0.42,narrative,narrative
weapon_firearm,alibi_claim,2,23,0.3878260869565217,0.42,narrative,narrative
planning_premeditation,weapon_blunt,2,26,0.38769230769230767,0.44,narrative,narrative
assault_method_stabbing,weapon_petrol_fire,2,8,0.3875,0.42,narrative,narrative
weapon_petrol_fire,assault_method_stabbing,2,8,0.3875,0.42,narrative,narrative
wound_sharp_force,defendant_intoxicated,2,2,0.38,0.47,evidence,narrative
strangulation,victim_intoxicated,2,13,0.37846153846153846,0.42,narrative,narrative
victim_intoxicated,strangulation,2,13,0.37846153846153846,0.42,narrative,narrative
abduction,assault_method_shooting,2,63,0.3768253968253968,0.42,narrative,narrative
assault_method_shooting,abduction,2,63,0.3768253968253968,0.42,narrative,narrative
weapon_petrol_fire,weapon_present,2,8,0.375,0.42,narrative,narrative
weapon_present,weapon_petrol_fire,2,8,0.375,0.42,narrative,narrative
weapon_present,prior_assault,2,14,0.37142857142857144,0.46,narrative,narrative
prior_assault,weapon_present,2,14,0.37,0.44,narrative,narrative
self_defence_legal,wound_sharp_force,2,7,0.37,0.37,legal_facts,evidence
prior_threats,weapon_sharp,2,5,0.368,0.42,narrative,narrative
weapon_sharp,prior_threats,2,5,0.368,0.42,narrative,narrative
causation,lawful_killing_self_defence,2,3,0.3666666666666667,0.42,legal_facts,legal_facts
lawful_killing_self_defence,causation,2,3,0.3666666666666667,0.42,legal_facts,legal_facts
location_private_dwelling,weapon_firearm,2,3,0.3666666666666667,0.42,narrative,narrative
weapon_firearm,location_private_dwelling,2,3,0.3666666666666667,0.42,narrative,narrative
assault_method_stabbing,flight_after_offence,2,10,0.362,0.42,narrative,narrative
flight_after_offence,assault_method_stabbing,2,10,0.362,0.42,narrative,narrative
joint_enterprise_presence,alibi_claim,2,4,0.36125,0.46,narrative,narrative
assault_method_stabbing,prior_assault,2,9,0.3611111111111111,0.57,narrative,narrative
prior_assault,assault_method_stabbing,2,9,0.3611111111111111,0.57,narrative,narrative
abduction,motive_financial_gain,2,8,0.36,0.42,narrative,narrative
motive_financial_gain,abduction,2,8,0.36,0.42,narrative,narrative
alibi_claim,joint_enterprise_presence,2,4,0.35625,0.44,narrative,narrative
assault_method_shooting,weapon_petrol_fire,2,14,0.35428571428571426,0.42,narrative,narrative
weapon_petrol_fire,assault_method_shooting,2,14,0.3528571428571428,0.42,narrative,narrative
tied_restraint,injury_defensive_wounds,1,1,0.87,0.87,narrative,evidence
alibi_claim,loss_of_control,1,4,0.77,0.77,narrative,legal_facts
alibi_claim,self_defence_legal,1,4,0.77,0.77,narrative,legal_facts
alibi_claim,unlawful_killing,1,1,0.77,0.77,narrative,legal_facts
confession_third_party,self_defence_legal,1,4,0.77,0.77,narrative,legal_facts
defendant_intoxicated,causation,1,1,0.77,0.77,narrative,legal_facts
encounter,loss_of_control,1,2,0.77,0.77,narrative,legal_facts
flight_after_offence,self_defence_legal,1,4,0.77,0.77,narrative,legal_facts
motive_jealousy_revenge,manslaughter_unlawful_act,1,1,0.77,0.77,narrative,legal_facts
tied_restraint,accessory_or_complicity,1,3,0.77,0.77,narrative,legal_facts
tied_restraint,murder,1,20,0.77,0.77,narrative,legal_facts
weapon_blunt,actus_reus_killing,1,1,0.77,0.77,narrative,legal_facts
weapon_petrol_fire,causation,1,8,0.77,0.77,narrative,legal_facts
weapon_petrol_fire,lawful_killing_self_defence,1,8,0.77,0.77,narrative,legal_facts
weapon_petrol_fire,unlawful_killing,1,16,0.77,0.77,narrative,legal_facts
confession_third_party,murder,1,8,0.746625,0.77,narrative,legal_facts
location_public_space,cctv_presence,1,11,0.7336363636363636,0.87,narrative,evidence
abduction,injury_defensive_wounds,1,4,0.72,0.72,narrative,evidence
alibi_claim,wound_blunt_force,1,2,0.72,0.72,narrative,evidence
assault_method_blunt_force,injury_defensive_wounds,1,2,0.72,0.72,narrative,evidence
assault_method_blunt_force,wound_sharp_force,1,2,0.72,0.72,narrative,evidence
confession_third_party,wound_sharp_force,1,1,0.72,0.72,narrative,evidence
encounter,search_history_weapons_or_poison,1,2,0.72,0.72,narrative,evidence
encounter,wound_blunt_force,1,1,0.72,0.72,narrative,evidence
flight_after_offence,wound_sharp_force,1,1,0.72,0.72,narrative,evidence
location_public_space,search_history_weapons_or_poison,1,8,0.72,0.72,narrative,evidence
location_public_space,wound_blunt_force,1,1,0.72,0.72,narrative,evidence
motive_jealousy_revenge,injury_defensive_wounds,1,1,0.72,0.72,narrative,evidence
planning_premeditation,cctv_presence,1,5,0.72,0.72,narrative,evidence
planning_premeditation,wound_blunt_force,1,7,0.72,0.72,narrative,evidence
prior_threats,wound_sharp_force,1,1,0.72,0.72,narrative,evidence
tied_restraint,confession_or_admission,1,4,0.72,0.72,narrative,evidence
tied_restraint,wound_sharp_force,1,1,0.72,0.72,narrative,evidence
weapon_blunt,wound_sharp_force,1,1,0.72,0.72,narrative,evidence
weapon_petrol_fire,wound_sharp_force,1,1,0.72,0.72,narrative,evidence
weapon_present,injury_defensive_wounds,1,2,0.72,0.72,narrative,evidence
weapon_present,search_history_weapons_or_poison,1,1,0.72,0.72,narrative,evidence
weapon_present,wound_blunt_force,1,1,0.72,0.72,narrative,evidence
location_private_dwelling,diminished_responsibility,1,12,0.6888333333333333,0.77,narrative,legal_facts
prior_assault,accessory_or_complicity,1,4,0.6865,0.79,narrative,legal_facts
weapon_petrol_fire,accessory_or_complicity,1,2,0.6865,0.79,narrative,legal_facts
alibi_claim,accessory_or_complicity,1,6,0.6765,0.77,narrative,legal_facts
planning_premeditation,search_history_weapons_or_poison,1,9,0.6744444444444445,0.795,narrative,evidence
cctv_presence,causation,1,1,0.67,0.67,evidence,legal_facts
injury_defensive_wounds,accessory_or_complicity,1,3,0.67,0.67,evidence,legal_facts
injury_defensive_wounds,diminished_responsibility,1,4,0.67,0.67,evidence,legal_facts
search_history_weapons_or_poison,self_defence_legal,1,2,0.67,0.67,evidence,legal_facts
wound_blunt_force,loss_of_control,1,2,0.67,0.67,evidence,legal_facts
wound_blunt_force,mens_rea_intent_to_kill,1,2,0.67,0.67,evidence,legal_facts
wound_blunt_force,self_defence_legal,1,2,0.67,0.67,evidence,legal_facts
prior_threats,mens_rea_intent_to_kill,1,3,0.6699999999999999,0.77,narrative,legal_facts
prior_threats,unlawful_killing,1,3,0.6699999999999999,0.77,narrative,legal_facts
assault_method_shooting,cctv_presence,1,16,0.6675,0.72,narrative,evidence
weapon_firearm,cctv_presence,1,36,0.6520833333333332,0.795,narrative,evidence
wound_blunt_force,murder,1,14,0.6514285714285715,0.67,evidence,legal_facts
cctv_presence,murder,1,18,0.6443333333333334,0.708,evidence,legal_facts
motive_financial_gain,wound_sharp_force,1,7,0.6399999999999999,0.72,narrative,evidence
alibi_claim,injury_defensive_wounds,1,2,0.6325000000000001,0.72,narrative,evidence
alibi_claim,wound_sharp_force,1,2,0.6325000000000001,0.72,narrative,evidence
assault_method_stabbing,cctv_presence,1,6,0.6266666666666666,0.72,narrative,evidence
abduction,causation,1,52,0.6258461538461538,0.77,narrative,legal_facts
prior_threats,causation,1,26,0.6258461538461538,0.77,narrative,legal_facts
assault_method_stabbing,lawful_killing_self_defence,1,2,0.62,0.77,narrative,legal_facts
injury_defensive_wounds,tied_restraint,1,1,0.62,0.62,evidence,narrative
search_history_weapons_or_poison,murder,1,17,0.6198823529411764,0.82,evidence,legal_facts
wound_sharp_force,unlawful_killing,1,4,0.61,0.69,evidence,legal_facts
poisoning,confession_or_admission,1,6,0.5975,0.72,narrative,evidence
strangulation,accessory_or_complicity,1,8,0.596625,0.77,narrative,legal_facts
search_history_weapons_or_poison,diminished_responsibility,1,18,0.5833333333333334,0.67,evidence,legal_facts
assault_method_blunt_force,loss_of_control,1,4,0.583,0.583,narrative,legal_facts
tied_restraint,actus_reus_killing,1,1,0.583,0.583,narrative,legal_facts
joint_enterprise_presence,lawful_killing_self_defence,1,8,0.582625,0.77,narrative,legal_facts
abduction,diminished_responsibility,1,6,0.57,0.77,narrative,legal_facts
weapon_present,lawful_killing_self_defence,1,18,0.5500555555555555,0.77,narrative,legal_facts
prior_conflict,confession_or_admission,1,4,0.545,0.545,narrative,evidence
poisoning,murder,1,192,0.5402864583333333,0.77,narrative,legal_facts
search_history_weapons_or_poison,actus_reus_killing,1,2,0.54,0.67,evidence,legal_facts
motive_jealousy_revenge,weapon_blunt,1,3,0.5166666666666667,0.63,narrative,narrative
weapon_sharp,lawful_killing_self_defence,1,26,0.5161923076923076,0.77,narrative,legal_facts
poisoning,actus_reus_killing,1,24,0.5150833333333333,0.77,narrative,legal_facts
alibi_claim,actus_reus_killing,1,2,0.5125,0.583,narrative,legal_facts
poisoning,diminished_responsibility,1,252,0.5107142857142857,0.77,narrative,legal_facts
weapon_blunt,motive_jealousy_revenge,1,3,0.5033333333333333,0.63,narrative,narrative
motive_financial_gain,loss_of_control,1,76,0.5012105263157894,0.77,narrative,legal_facts
weapon_firearm,lawful_killing_self_defence,1,4,0.5,0.77,narrative,legal_facts
flight_after_offence,mens_rea_intent_to_kill,1,4,0.489,0.508,narrative,legal_facts
cctv_presence,location_public_space,1,11,0.4836363636363636,0.62,evidence,narrative
weapon_blunt,prior_assault,1,3,0.48333333333333334,0.57,narrative,narrative
prior_assault,weapon_blunt,1,3,0.4766666666666666,0.57,narrative,narrative
wound_blunt_force,planning_premeditation,1,7,0.47000000000000003,0.47,evidence,narrative
abduction,manslaughter_unlawful_act,1,1,0.47,0.47,narrative,legal_facts
assault_method_stabbing,withdrawal_effective,1,1,0.47,0.47,narrative,legal_facts
confession_or_admission,tied_restraint,1,4,0.47,0.47,evidence,narrative
defendant_intoxicated,withdrawal_effective,1,1,0.47,0.47,narrative,legal_facts
encounter,manslaughter_unlawful_act,1,2,0.47,0.47,narrative,legal_facts
encounter,withdrawal_effective,1,2,0.47,0.47,narrative,legal_facts
injury_defensive_wounds,abduction,1,4,0.47,0.47,evidence,narrative
injury_defensive_wounds,assault_method_blunt_force,1,2,0.47,0.47,evidence,narrative
injury_defensive_wounds,motive_jealousy_revenge,1,1,0.47,0.47,evidence,narrative
injury_defensive_wounds,weapon_present,1,2,0.47,0.47,evidence,narrative
location_public_space,withdrawal_effective,1,6,0.47,0.47,narrative,legal_facts
prior_threats,accessory_or_complicity,1,1,0.47,0.47,narrative,legal_facts
search_history_weapons_or_poison,encounter,1,2,0.47,0.47,evidence,narrative
search_history_weapons_or_poison,location_public_space,1,8,0.47,0.47,evidence,narrative
search_history_weapons_or_poison,weapon_present,1,1,0.47,0.47,evidence,narrative
strangulation,withdrawal_effective,1,1,0.47,0.47,narrative,legal_facts
victim_intoxicated,self_defence_legal,1,4,0.47,0.47,narrative,legal_facts
wound_blunt_force,alibi_claim,1,2,0.47,0.47,evidence,narrative
wound_blunt_force,encounter,1,1,0.47,0.47,evidence,narrative
wound_blunt_force,location_public_space,1,1,0.47,0.47,evidence,narrative
wound_blunt_force,weapon_present,1,1,0.47,0.47,evidence,narrative
wound_sharp_force,assault_method_blunt_force,1,2,0.47,0.47,evidence,narrative
wound_sharp_force,confession_third_party,1,1,0.47,0.47,evidence,narrative
wound_sharp_force,flight_after_offence,1,1,0.47,0.47,evidence,narrative
wound_sharp_force,prior_threats,1,1,0.47,0.47,evidence,narrative
wound_sharp_force,tied_restraint,1,1,0.47,0.47,evidence,narrative
wound_sharp_force,weapon_blunt,1,1,0.47,0.47,evidence,narrative
wound_sharp_force,weapon_petrol_fire,1,1,0.47,0.47,evidence,narrative
cctv_presence,planning_premeditation,1,5,0.4699999999999999,0.47,evidence,narrative
assault_method_stabbing,manslaughter_unlawful_act,1,7,0.4442857142857143,0.47,narrative,legal_facts
weapon_blunt,weapon_blunt,1,6,0.44,0.46,narrative,narrative
location_public_space,time_of_death_window_narrow,1,1,0.44,0.44,narrative,evidence
motive_financial_gain,confession_or_admission,1,1,0.44,0.44,narrative,evidence
motive_financial_gain,time_of_death_window_narrow,1,1,0.44,0.44,narrative,evidence
prior_threats,confession_or_admission,1,1,0.44,0.44,narrative,evidence
victim_intoxicated,wound_sharp_force,1,1,0.44,0.44,narrative,evidence
weapon_sharp,time_of_death_window_narrow,1,2,0.44,0.44,narrative,evidence
search_history_weapons_or_poison,planning_premeditation,1,9,0.4384444444444444,0.508,evidence,narrative
cctv_presence,assault_method_shooting,1,16,0.43624999999999997,0.47,evidence,narrative
flight_after_offence,unlawful_killing,1,4,0.43524999999999997,0.583,narrative,legal_facts
weapon_blunt,alibi_claim,1,3,0.43333333333333335,0.46,narrative,narrative
alibi_claim,weapon_blunt,1,3,0.4266666666666667,0.44,narrative,narrative
cctv_presence,weapon_firearm,1,36,0.4260555555555555,0.508,evidence,narrative
abduction,assault_method_blunt_force,1,8,0.42,0.42,narrative,narrative
abduction,encounter,1,2,0.42,0.42,narrative,narrative
abduction,motive_jealousy_revenge,1,4,0.42,0.42,narrative,narrative
abduction,prior_threats,1,2,0.42,0.42,narrative,narrative
abduction,strangulation,1,2,0.42,0.42,narrative,narrative
abduction,tied_restraint,1,4,0.42,0.42,narrative,narrative
abduction,weapon_blunt,1,1,0.42,0.42,narrative,narrative
abduction,weapon_petrol_fire,1,1,0.42,0.42,narrative,narrative
alibi_claim,encounter,1,2,0.42,0.42,narrative,narrative
alibi_claim,prior_assault,1,1,0.42,0.42,narrative,narrative
assault_method_blunt_force,abduction,1,8,0.42,0.42,narrative,narrative
assault_method_blunt_force,tied_restraint,1,2,0.42,0.42,narrative,narrative
assault_method_blunt_force,weapon_petrol_fire,1,16,0.42,0.42,narrative,narrative
assault_method_shooting,location_private_dwelling,1,1,0.42,0.42,narrative,narrative
cctv_presence,confession_or_admission,1,2,0.42,0.42,evidence,evidence
confession_or_admission,cctv_presence,1,2,0.42,0.42,evidence,evidence
confession_or_admission,injury_defensive_wounds,1,4,0.42,0.42,evidence,evidence
confession_or_admission,wound_blunt_force,1,1,0.42,0.42,evidence,evidence
confession_third_party,flight_after_offence,1,1,0.42,0.42,narrative,narrative
confession_third_party,location_public_space,1,1,0.42,0.42,narrative,narrative
confession_third_party,prior_threats,1,1,0.42,0.42,narrative,narrative
defendant_intoxicated,defendant_intoxicated,1,2,0.42,0.42,narrative,narrative
defendant_intoxicated,encounter,1,2,0.42,0.42,narrative,narrative
defendant_intoxicated,weapon_petrol_fire,1,8,0.42,0.42,narrative,narrative
encounter,abduction,1,2,0.42,0.42,narrative,narrative
encounter,alibi_claim,1,2,0.42,0.42,narrative,narrative
encounter,defendant_intoxicated,1,2,0.42,0.42,narrative,narrative
encounter,prior_assault,1,2,0.42,0.42,narrative,narrative
encounter,prior_conflict,1,4,0.42,0.42,narrative,narrative
encounter,strangulation,1,2,0.42,0.42,narrative,narrative
encounter,weapon_petrol_fire,1,1,0.42,0.42,narrative,narrative
flight_after_offence,confession_third_party,1,1,0.42,0.42,narrative,narrative
flight_after_offence,joint_enterprise_presence,1,1,0.42,0.42,narrative,narrative
flight_after_offence,prior_conflict,1,4,0.42,0.42,narrative,narrative
flight_after_offence,weapon_present,1,1,0.42,0.42,narrative,narrative
injury_defensive_wounds,confession_or_admission,1,4,0.42,0.42,evidence,evidence
injury_defensive_wounds,wound_sharp_force,1,1,0.42,0.42,evidence,evidence
joint_enterprise_presence,flight_after_offence,1,1,0.42,0.42,narrative,narrative
joint_enterprise_presence,prior_conflict,1,4,0.42,0.42,narrative,narrative
location_private_dwelling,assault_method_shooting,1,1,0.42,0.42,narrative,narrative
location_public_space,confession_third_party,1,1,0.42,0.42,narrative,narrative
location_public_space,tied_restraint,1,3,0.42,0.42,narrative,narrative
motive_jealousy_revenge,abduction,1,4,0.42,0.42,narrative,narrative
motive_jealousy_revenge,strangulation,1,6,0.42,0.42,narrative,narrative
motive_jealousy_revenge,tied_restraint,1,1,0.42,0.42,narrative,narrative
prior_assault,alibi_claim,1,1,0.42,0.42,narrative,narrative
prior_assault,encounter,1,2,0.42,0.42,narrative,narrative
prior_assault,prior_assault,1,2,0.42,0.42,narrative,narrative
prior_assault,weapon_petrol_fire,1,2,0.42,0.42,narrative,narrative
prior_conflict,encounter,1,4,0.42,0.42,narrative,narrative
prior_conflict,flight_after_offence,1,4,0.42,0.42,narrative,narrative
prior_conflict,joint_enterprise_presence,1,4,0.42,0.42,narrative,narrative
prior_conflict,weapon_sharp,1,4,0.42,0.42,narrative,narrative
prior_threats,abduction,1,2,0.42,0.42,narrative,narrative
prior_threats,confession_third_party,1,1,0.42,0.42,narrative,narrative
strangulation,abduction,1,2,0.42,0.42,narrative,narrative
strangulation,encounter,1,2,0.42,0.42,narrative,narrative
strangulation,motive_jealousy_revenge,1,6,0.42,0.42,narrative,narrative
tied_restraint,abduction,1,4,0.42,0.42,narrative,narrative
tied_restraint,assault_method_blunt_force,1,2,0.42,0.42,narrative,narrative
tied_restraint,location_public_space,1,3,0.42,0.42,narrative,narrative
tied_restraint,motive_jealousy_revenge,1,1,0.42,0.42,narrative,narrative
victim_intoxicated,victim_intoxicated,1,2,0.42,0.42,narrative,narrative
weapon_blunt,abduction,1,1,0.42,0.42,narrative,narrative
weapon_blunt,weapon_petrol_fire,1,1,0.42,0.42,narrative,narrative
weapon_petrol_fire,abduction,1,1,0.42,0.42,narrative,narrative
weapon_petrol_fire,assault_method_blunt_force,1,16,0.42,0.42,narrative,narrative
weapon_petrol_fire,defendant_intoxicated,1,8,0.42,0.42,narrative,narrative
weapon_petrol_fire,encounter,1,1,0.42,0.42,narrative,narrative
weapon_petrol_fire,prior_assault,1,2,0.42,0.42,narrative,narrative
weapon_petrol_fire,weapon_blunt,1,1,0.42,0.42,narrative,narrative
weapon_petrol_fire,weapon_petrol_fire,1,56,0.42,0.42,narrative,narrative
weapon_present,flight_after_offence,1,1,0.42,0.42,narrative,narrative
weapon_sharp,prior_conflict,1,4,0.42,0.42,narrative,narrative
wound_blunt_force,confession_or_admission,1,1,0.42,0.42,evidence,evidence
wound_sharp_force,injury_defensive_wounds,1,1,0.42,0.42,evidence,evidence
wound_sharp_force,motive_financial_gain,1,7,0.41857142857142854,0.47,evidence,narrative
weapon_blunt,accessory_or_complicity,1,10,0.41600000000000004,0.47,narrative,legal_facts
injury_defensive_wounds,alibi_claim,1,2,0.414,0.47,evidence,narrative
strangulation,lawful_killing_self_defence,1,2,0.414,0.47,narrative,legal_facts
weapon_sharp,withdrawal_effective,1,2,0.414,0.47,narrative,legal_facts
wound_sharp_force,alibi_claim,1,2,0.414,0.47,evidence,narrative
cctv_presence,assault_method_stabbing,1,6,0.41,0.47,evidence,narrative
confession_or_admission,manslaughter_unlawful_act,1,1,0.41,0.41,evidence,legal_facts
time_of_death_window_narrow,actus_reus_killing,1,1,0.41,0.41,evidence,legal_facts
wound_sharp_force,causation,1,1,0.41,0.41,evidence,legal_facts
wound_sharp_force,manslaughter_unlawful_act,1,1,0.41,0.41,evidence,legal_facts
assault_method_shooting,flight_after_offence,1,18,0.4097222222222222,0.42,narrative,narrative
assault_method_shooting,prior_conflict,1,72,0.4097222222222222,0.42,narrative,narrative
flight_after_offence,assault_method_shooting,1,18,0.4076666666666667,0.42,narrative,narrative
prior_conflict,assault_method_shooting,1,72,0.4076666666666667,0.42,narrative,narrative
assault_method_stabbing,tied_restraint,1,8,0.4075,0.42,narrative,narrative
tied_restraint,assault_method_stabbing,1,8,0.4075,0.42,narrative,narrative
prior_threats,weapon_firearm,1,30,0.40599999999999997,0.42,narrative,narrative
weapon_firearm,prior_threats,1,30,0.40599999999999997,0.42,narrative,narrative
weapon_firearm,loss_of_control,1,4,0.4,0.442,narrative,legal_facts
assault_method_stabbing,confession_third_party,1,6,0.3933333333333333,0.42,narrative,narrative
assault_method_stabbing,prior_threats,1,6,0.3933333333333333,0.42,narrative,narrative
confession_third_party,assault_method_stabbing,1,6,0.3933333333333333,0.42,narrative,narrative
defendant_intoxicated,motive_financial_gain,1,12,0.3933333333333333,0.42,narrative,narrative
motive_financial_gain,defendant_intoxicated,1,12,0.3933333333333333,0.42,narrative,narrative
motive_financial_gain,victim_intoxicated,1,12,0.3933333333333333,0.42,narrative,narrative
prior_threats,assault_method_stabbing,1,6,0.3933333333333333,0.42,narrative,narrative
victim_intoxicated,motive_financial_gain,1,12,0.3933333333333333,0.42,narrative,narrative
confession_or_admission,poisoning,1,6,0.3913333333333333,0.47,evidence,narrative
poisoning,mens_rea_intent_to_kill,1,12,0.3913333333333333,0.47,narrative,legal_facts
prior_assault,weapon_sharp,1,6,0.38666666666666666,0.42,narrative,narrative
weapon_sharp,prior_assault,1,6,0.38666666666666666,0.42,narrative,narrative
planning_premeditation,time_of_death_window_narrow,1,3,0.38400000000000006,0.44,narrative,evidence
tied_restraint,weapon_sharp,1,15,0.3813333333333333,0.42,narrative,narrative
weapon_sharp,tied_restraint,1,15,0.3813333333333333,0.42,narrative,narrative
encounter,motive_financial_gain,1,25,0.38116,0.533,narrative,narrative
motive_financial_gain,encounter,1,25,0.38116,0.533,narrative,narrative
weapon_firearm,flight_after_offence,1,21,0.3807142857142857,0.42,narrative,narrative
weapon_firearm,prior_conflict,1,84,0.3807142857142857,0.42,narrative,narrative
confession_third_party,weapon_sharp,1,4,0.38,0.42,narrative,narrative
weapon_sharp,confession_third_party,1,4,0.38,0.42,narrative,narrative
flight_after_offence,weapon_firearm,1,21,0.378952380952381,0.42,narrative,narrative
prior_conflict,weapon_firearm,1,84,0.378952380952381,0.42,narrative,narrative
assault_method_shooting,prior_threats,1,31,0.37870967741935485,0.42,narrative,narrative
prior_threats,assault_method_shooting,1,31,0.37870967741935485,0.42,narrative,narrative
motive_jealousy_revenge,diminished_responsibility,1,42,0.37685714285714284,0.47,narrative,legal_facts
time_of_death_window_narrow,mens_rea_intent_to_kill,1,9,0.3753333333333333,0.41,evidence,legal_facts
planning_premeditation,poisoning,1,12,0.375,0.445,narrative,narrative
motive_financial_gain,weapon_blunt,1,7,0.3742857142857143,0.42,narrative,narrative
motive_financial_gain,weapon_petrol_fire,1,7,0.3742857142857143,0.42,narrative,narrative
weapon_blunt,motive_financial_gain,1,7,0.3742857142857143,0.42,narrative,narrative
weapon_petrol_fire,motive_financial_gain,1,7,0.3742857142857143,0.42,narrative,narrative
assault_method_shooting,alibi_claim,1,18,0.3733333333333333,0.46,narrative,narrative
alibi_claim,assault_method_shooting,1,18,0.37,0.44,narrative,narrative
abduction,alibi_claim,1,8,0.37,0.42,narrative,narrative
alibi_claim,abduction,1,8,0.37,0.42,narrative,narrative
alibi_claim,assault_method_blunt_force,1,4,0.37,0.42,narrative,narrative
alibi_claim,tied_restraint,1,2,0.37,0.42,narrative,narrative
assault_method_blunt_force,alibi_claim,1,4,0.37,0.42,narrative,narrative
tied_restraint,alibi_claim,1,2,0.37,0.42,narrative,narrative
causation,cctv_presence,1,1,0.37,0.37,legal_facts,evidence
diminished_responsibility,injury_defensive_wounds,1,4,0.37,0.37,legal_facts,evidence
loss_of_control,wound_blunt_force,1,2,0.37,0.37,legal_facts,evidence
mens_rea_intent_to_kill,wound_blunt_force,1,2,0.37,0.37,legal_facts,evidence
self_defence_legal,search_history_weapons_or_poison,1,2,0.37,0.37,legal_facts,evidence
self_defence_legal,wound_blunt_force,1,2,0.37,0.37,legal_facts,evidence
accessory_or_complicity,injury_defensive_wounds,1,3,0.36999999999999994,0.37,legal_facts,evidence
diminished_responsibility,self_defence_legal,1,36,0.36666666666666664,0.42,legal_facts,legal_facts
self_defence_legal,diminished_responsibility,1,36,0.36666666666666664,0.42,legal_facts,legal_facts
poisoning,planning_premeditation,1,12,0.363,0.433,narrative,narrative
murder,cctv_presence,1,18,0.36083333333333334,0.445,legal_facts,evidence
murder,wound_blunt_force,1,14,0.36,0.37,legal_facts,evidence
confession_or_admission,prior_conflict,1,4,0.358,0.358,evidence,narrative
defendant_intoxicated,diminished_responsibility,1,2,0.358,0.358,narrative,legal_facts
joint_enterprise_presence,loss_of_control,1,2,0.358,0.358,narrative,legal_facts
victim_intoxicated,diminished_responsibility,1,2,0.358,0.358,narrative,legal_facts
weapon_blunt,loss_of_control,1,2,0.358,0.358,narrative,legal_facts
weapon_blunt,unlawful_killing,1,1,0.358,0.358,narrative,legal_facts
weapon_firearm,manslaughter_unlawful_act,1,2,0.358,0.358,narrative,legal_facts
flight_after_offence,withdrawal_effective,1,4,0.352,0.47,narrative,legal_facts
time_of_death_window_narrow,murder,1,17,0.35047058823529414,0.41,evidence,legal_facts
murder,search_history_weapons_or_poison,1,17,0.3502941176470588,0.52,legal_facts,evidence
assault_method_blunt_force,poisoning,1,12,0.35000000000000003,0.42,narrative,narrative
joint_enterprise_presence,poisoning,1,12,0.35000000000000003,0.42,narrative,narrative
poisoning,assault_method_blunt_force,1,12,0.35000000000000003,0.42,narrative,narrative
poisoning,joint_enterprise_presence,1,12,0.35000000000000003,0.42,narrative,narrative
